Apr042017,2
Apr202017,1
Apr252017,1
Aug012017,1
Aug072017,2
Aug082017,1
Aug092017,2
Aug112017,1
Aug142017,1
Aug152017,1
Aug222017,2
Aug232017,1
Aug282017,1
Aug292017,3
Dec012017,1
Dec052017,1
Dec062017,2
Dec112017,3
Dec182017,2
Dec212017,1
Dec272017,1
Feb012018,1
Feb062018,8
Feb122018,4
Feb132018,2
Feb142018,4
Feb152018,3
Feb222018,1
Feb232018,2
Feb262018,3
Jan022018,2
Jan052018,2
Jan102018,1
Jan112018,1
Jan122018,1
Jan172018,3
Jan302018,1
Jan312018,1
Jul072017,1
Jul102017,1
Jul112017,1
Jul132017,2
Jul142017,1
Jul172017,1
Jul182017,1
Jul192017,1
Jul242017,2
Jul252017,1
Jun022017,2
Jun062017,1
Jun152017,1
Jun192017,3
Jun232017,1
Jun282017,1
Mar022018,3
Mar052018,2
Mar082018,1
Mar092018,2
Mar122018,1
Mar202017,1
Mar222017,2
Mar272017,1
Mar282017,3
May012017,1
May032017,1
May052017,2
May082017,4
May112017,2
May122017,1
May182017,1
Nov022017,2
Nov062017,2
Nov072017,1
Nov082017,2
Nov092017,1
Nov212017,2
Nov222017,2
Nov302017,1
Oct052017,1
Oct112017,1
Oct162017,2
Oct172017,1
Oct242017,1
Oct272017,4
Oct302017,3
Oct312017,1
Sep112017,1
Sep152017,1
Sep252017,1
Sep262017,1
Sep292017,1
