Apr062017,-1
Apr112017,-1
Apr132017,-1
Apr192017,-1
Apr262017,-1
Aug022017,-2
Aug032017,-1
Aug102017,-5
Aug162017,-1
Aug172017,-3
Aug242017,-1
Dec042017,-3
Dec082017,-1
Dec202017,-1
Dec292017,-1
Feb022018,-5
Feb052018,-3
Feb072018,-4
Feb082018,-5
Feb092018,-1
Feb212018,-2
Feb272018,-1
Feb282018,-1
Jan162018,-2
Jan242018,-3
Jan252018,-3
Jan292018,-2
Jul032017,-1
Jul202017,-1
Jul272017,-3
Jul312017,-1
Jun092017,-6
Jun132017,-1
Jun142017,-2
Jun162017,-2
Jun202017,-2
Jun262017,-1
Jun272017,-1
Jun292017,-1
Mar012018,-4
Mar062018,-1
Mar132018,-3
Mar142018,-2
Mar162018,-1
Mar212017,-2
Mar242017,-1
May172017,-3
May232017,-1
May312017,-1
Nov012017,-3
Nov032017,-1
Nov142017,-2
Nov152017,-1
Nov172017,-1
Nov272017,-1
Nov282017,-1
Nov292017,-3
Oct182017,-1
Oct192017,-1
Oct232017,-1
Sep012017,-1
Sep052017,-2
Sep062017,-1
Sep072017,-1
Sep082017,-2
Sep122017,-2
Sep142017,-1
Sep182017,-1
Sep192017,-1
Sep202017,-2
Sep212017,-2
Sep282017,-1
